workload,rate,repeat,requests,mean_tokens,p50_tokens,p95_tokens,p99_tokens,long_fraction
heavy-tail,2.5,0,780,960.6730769230769,267,5125,8000,0.191025641025641
heavy-tail,2.5,1,772,979.740932642487,288,4955,8000,0.211139896373057
heavy-tail,2.5,2,779,941.1501925545572,305,4336,8000,0.2092426187419769
heavy-tail,2.5,3,752,888.4109042553191,292,4610,8000,0.18218085106382978
heavy-tail,2.5,4,767,969.4758800521512,277,4406,6926,0.21773142112125163
heavy-tail,2.5,5,742,927.7735849056604,275,4432,8000,0.1967654986522911
heavy-tail,2.5,6,768,959.48828125,300,4275,8000,0.20572916666666666
heavy-tail,2.5,7,744,944.3534946236559,288,4773,7797,0.19086021505376344
heavy-tail,2.5,8,747,908.9986613119144,278,4474,8000,0.17670682730923695
heavy-tail,2.5,9,809,919.6427688504326,284,4359,7008,0.19901112484548825
heavy-tail,2.5,10,760,935.1289473684211,275,4736,6882,0.19210526315789472
heavy-tail,2.5,11,767,924.9113428943938,291,4173,8000,0.19947848761408082
heavy-tail,2.5,12,722,936.8240997229917,281,4254,7618,0.20221606648199447
heavy-tail,2.5,13,736,974.3926630434783,305,4606,7328,0.20516304347826086
heavy-tail,2.5,14,715,913.2111888111888,283,5124,7630,0.1902097902097902
heavy-tail,2.5,15,728,877.2293956043956,276,4581,8000,0.1662087912087912
heavy-tail,2.5,16,714,934.6344537815127,282,4448,7754,0.19607843137254902
heavy-tail,2.5,17,767,999.5958279009127,289,4409,8000,0.22033898305084745
heavy-tail,2.5,18,821,1031.3483556638246,297,5067,8000,0.22289890377588306
heavy-tail,2.5,19,741,929.2024291497976,278,4598,7578,0.19838056680161945
heavy-tail,2.5,20,750,1007.1386666666667,285,4932,8000,0.212
heavy-tail,2.5,21,788,863.9162436548223,278,4286,7990,0.16751269035532995
heavy-tail,2.5,22,717,958.6373779637378,295,4999,7924,0.19386331938633194
heavy-tail,2.5,23,757,939.2073976221928,301,5296,8000,0.18758256274768825
heavy-tail,2.5,24,735,899.356462585034,283,4238,7434,0.19047619047619047
heavy-tail,2.5,25,767,947.8930899608865,287,4517,8000,0.20860495436766624
heavy-tail,2.5,26,762,880.7729658792651,273,4563,8000,0.18110236220472442
heavy-tail,2.5,27,760,920.7210526315789,284,4425,7943,0.2
heavy-tail,2.5,28,766,933.6005221932115,298,4315,8000,0.21148825065274152
heavy-tail,2.5,29,780,881.3089743589744,281,4270,7273,0.2012820512820513
heavy-tail,2.5,30,742,932.4380053908355,287,4350,8000,0.20215633423180593
heavy-tail,2.5,31,706,908.3215297450425,290,4411,8000,0.18271954674220964
heavy-tail,2.5,32,769,917.2847854356307,286,4398,7793,0.19635890767230169
heavy-tail,2.5,33,710,1000.3014084507042,304,4885,7974,0.2211267605633803
heavy-tail,2.5,34,715,1030.102097902098,296,5191,7504,0.2153846153846154
heavy-tail,2.5,35,776,1002.4407216494845,293,4936,7101,0.22422680412371135
heavy-tail,2.5,36,728,878.4326923076923,288,4282,7408,0.19917582417582416
heavy-tail,2.5,37,768,906.9622395833334,290,4128,8000,0.18880208333333334
heavy-tail,2.5,38,753,944.1766268260292,287,4607,7147,0.2058432934926959
heavy-tail,2.5,39,746,961.5455764075067,290,4585,8000,0.19436997319034852
heavy-tail,2.5,40,767,1076.5710560625814,307,4970,7250,0.2438070404172099
heavy-tail,2.5,41,695,937.178417266187,287,4568,8000,0.20287769784172663
heavy-tail,2.5,42,670,991.4104477611941,288,4818,7631,0.22238805970149253
heavy-tail,2.5,43,722,985.3601108033241,294,4706,7927,0.21606648199445982
heavy-tail,2.5,44,758,908.7018469656992,292,4257,7671,0.19656992084432717
heavy-tail,2.5,45,711,962.42194092827,291,4697,8000,0.2011251758087201
heavy-tail,2.5,46,743,944.9798115746971,295,4231,7255,0.20861372812920592
heavy-tail,2.5,47,773,934.6714100905563,284,4730,7511,0.1927554980595084
heavy-tail,2.5,48,776,972.1829896907217,288,4848,8000,0.21262886597938144
heavy-tail,2.5,49,721,987.1081830790569,291,4726,7734,0.20665742024965325
heavy-tail,2.5,50,745,833.5852348993288,280,4380,6425,0.17181208053691274
heavy-tail,2.5,51,773,872.1694695989651,278,3965,8000,0.1927554980595084
heavy-tail,2.5,52,779,999.0924261874197,302,4927,8000,0.220795892169448
heavy-tail,2.5,53,774,977.0426356589147,288,4514,7724,0.21705426356589147
heavy-tail,2.5,54,777,939.5611325611326,272,4809,8000,0.1969111969111969
heavy-tail,2.5,55,706,884.3229461756374,271,4167,8000,0.17847025495750707
heavy-tail,2.5,56,768,901.7356770833334,288,4917,7394,0.18229166666666666
heavy-tail,2.5,57,708,923.3855932203389,282,4305,8000,0.2076271186440678
heavy-tail,2.5,58,734,909.6021798365123,280,4646,7555,0.1907356948228883
heavy-tail,2.5,59,743,828.2987886944818,284,4153,7060,0.17765814266487215
heavy-tail,2.5,60,732,884.827868852459,274,4199,7152,0.20218579234972678
heavy-tail,2.5,61,758,998.1332453825858,285,5328,8000,0.20316622691292877
heavy-tail,2.5,62,748,880.5949197860963,281,4148,8000,0.19518716577540107
heavy-tail,2.5,63,736,1002.0366847826087,286,4903,7851,0.21331521739130435
heavy-tail,2.5,64,741,1004.3738191632929,293,4870,7477,0.2213225371120108
heavy-tail,2.5,65,756,975.8095238095239,281,4797,7847,0.21957671957671956
heavy-tail,2.5,66,736,1000.2635869565217,289,5293,8000,0.19293478260869565
heavy-tail,2.5,67,745,1048.2926174496645,277,5371,8000,0.22281879194630871
heavy-tail,2.5,68,722,894.8102493074792,283,4107,7571,0.19113573407202217
heavy-tail,2.5,69,714,1118.03081232493,288,5943,8000,0.21568627450980393
heavy-tail,2.5,70,729,878.7119341563786,265,4491,7676,0.18381344307270234
heavy-tail,2.5,71,767,988.4367666232073,300,4939,8000,0.2138200782268579
heavy-tail,2.5,72,762,941.1456692913385,288,5007,8000,0.19028871391076116
heavy-tail,2.5,73,738,951.710027100271,285,4379,7270,0.21544715447154472
heavy-tail,2.5,74,710,981.2760563380282,289,4484,8000,0.20704225352112676
heavy-tail,2.5,75,789,935.169835234474,288,4897,7743,0.18631178707224336
heavy-tail,2.5,76,714,1038.313725490196,299,5000,7066,0.22549019607843138
heavy-tail,2.5,77,759,879.9143610013175,280,4380,8000,0.18050065876152832
heavy-tail,2.5,78,711,985.4022503516175,286,5109,8000,0.19831223628691982
heavy-tail,2.5,79,760,1067.2710526315789,297,5251,8000,0.23421052631578948
heavy-tail,4,0,1217,845.1216105176663,274,4272,6701,0.1799506984387839
heavy-tail,4,1,1094,894.7769652650823,280,4481,8000,0.18372943327239488
heavy-tail,4,2,1176,1021.1471088435375,306,4755,7880,0.2193877551020408
heavy-tail,4,3,1161,921.8242894056848,288,4443,7238,0.19982773471145565
heavy-tail,4,4,1207,909.7754763877382,272,4348,8000,0.19138359569179786
heavy-tail,4,5,1197,951.5121136173768,292,4655,8000,0.2046783625730994
heavy-tail,4,6,1218,916.4014778325123,280,4441,8000,0.20032840722495895
heavy-tail,4,7,1267,890.9076558800316,278,4613,8000,0.18389897395422258
heavy-tail,4,8,1197,918.6624895572264,280,4564,7846,0.19131161236424393
heavy-tail,4,9,1165,949.543347639485,287,4749,8000,0.19570815450643778
heavy-tail,4,10,1219,1032.5422477440525,297,5049,7932,0.22149302707136997
heavy-tail,4,11,1168,907.3304794520548,286,4522,6903,0.1875
heavy-tail,4,12,1195,907.8786610878661,283,4570,7162,0.19246861924686193
heavy-tail,4,13,1205,967.1477178423237,297,4565,7944,0.2016597510373444
heavy-tail,4,14,1195,939.6945606694561,299,4668,6843,0.19748953974895397
heavy-tail,4,15,1184,1009.9070945945946,282,5162,8000,0.21114864864864866
heavy-tail,4,16,1223,961.5560098119379,280,4730,7397,0.205233033524121
heavy-tail,4,17,1189,1055.7140454163161,291,4898,8000,0.216148023549201
heavy-tail,4,18,1147,906.1700087183958,278,4306,7980,0.1987794245858762
heavy-tail,4,19,1194,874.2269681742043,284,3996,7568,0.19179229480737017
heavy-tail,4,20,1227,898.2640586797066,286,4325,7717,0.20048899755501223
heavy-tail,4,21,1215,942.1407407407407,287,4555,8000,0.19176954732510287
heavy-tail,4,22,1190,828.2058823529412,268,4287,7655,0.1638655462184874
heavy-tail,4,23,1140,989.9315789473684,293,5038,8000,0.19210526315789472
heavy-tail,4,24,1171,975.99487617421,287,5179,8000,0.19982920580700256
heavy-tail,4,25,1218,967.6371100164204,306,4731,7789,0.19704433497536947
heavy-tail,4,26,1214,912.3146622734761,283,4462,6984,0.19439868204283361
heavy-tail,4,27,1285,980.6669260700389,281,4526,8000,0.2171206225680934
heavy-tail,4,28,1206,891.0240464344942,276,4443,7140,0.1857379767827529
heavy-tail,4,29,1265,969.2363636363636,288,4658,8000,0.20711462450592885
heavy-tail,4,30,1200,874.8333333333334,275,4432,7536,0.18333333333333332
heavy-tail,4,31,1229,930.5427176566315,282,4523,7973,0.19446704637917006
heavy-tail,4,32,1239,884.0209846650524,283,4474,6884,0.19289749798224373
heavy-tail,4,33,1186,893.2487352445194,283,4172,7324,0.18802698145025296
heavy-tail,4,34,1182,940.1243654822335,290,4424,7490,0.20304568527918782
heavy-tail,4,35,1230,942.3235772357724,286,4697,8000,0.19593495934959348
heavy-tail,4,36,1200,919.9408333333333,298,4827,7729,0.19916666666666666
heavy-tail,4,37,1181,902.9026248941575,278,4520,8000,0.18289585097375105
heavy-tail,4,38,1159,882.6134598792062,287,4278,7109,0.19413287316652286
heavy-tail,4,39,1201,969.0474604496253,282,4602,7332,0.2189841798501249
heavy-tail,4,40,1184,857.8673986486486,281,4356,6763,0.17989864864864866
heavy-tail,4,41,1212,904.8820132013201,282,4518,8000,0.18564356435643564
heavy-tail,4,42,1236,1003.088996763754,297,4557,8000,0.21925566343042072
heavy-tail,4,43,1216,956.1225328947369,279,5041,8000,0.19901315789473684
heavy-tail,4,44,1233,971.4444444444445,305,4889,8000,0.19708029197080293
heavy-tail,4,45,1263,954.9097387173397,287,4735,7884,0.19714964370546317
heavy-tail,4,46,1229,928.853539462978,287,4397,8000,0.20585842148087877
heavy-tail,4,47,1179,893.7362171331637,287,4401,8000,0.179813401187447
heavy-tail,4,48,1169,957.6090675791274,302,4887,7752,0.19674935842600513
heavy-tail,4,49,1236,872.8211974110033,281,4365,7512,0.18122977346278318
heavy-tail,4,50,1201,957.1515403830142,290,4532,8000,0.20233139050791007
heavy-tail,4,51,1180,958.6466101694915,288,4767,8000,0.20508474576271185
heavy-tail,4,52,1153,982.7779705117085,283,4814,8000,0.21075455333911536
heavy-tail,4,53,1240,882.5459677419354,275,4573,7572,0.1814516129032258
heavy-tail,4,54,1170,928.3623931623931,294,4517,6945,0.20341880341880342
heavy-tail,4,55,1161,1045.851851851852,300,4957,8000,0.223083548664944
heavy-tail,4,56,1159,904.4918032786885,276,4478,7280,0.1915444348576359
heavy-tail,4,57,1261,992.2204599524188,286,4840,7921,0.21570182394924664
heavy-tail,4,58,1202,978.5540765391015,273,4680,8000,0.20632279534109818
heavy-tail,4,59,1195,914.7832635983264,292,4624,7264,0.19497907949790794
heavy-tail,4,60,1197,883.8613199665831,289,4546,7398,0.1796157059314954
heavy-tail,4,61,1166,956.9605488850772,299,4604,7787,0.20668953687821612
heavy-tail,4,62,1230,927.1040650406504,280,4590,8000,0.1886178861788618
heavy-tail,4,63,1237,895.1665319320938,269,4507,8000,0.1883589329021827
heavy-tail,4,64,1278,982.481220657277,281,4920,8000,0.20579029733959311
heavy-tail,4,65,1201,856.1465445462115,277,4351,7109,0.18151540383014156
heavy-tail,4,66,1120,979.3553571428571,291,4762,8000,0.2017857142857143
heavy-tail,4,67,1174,995.0775127768313,285,4937,8000,0.20868824531516184
heavy-tail,4,68,1177,942.1206457094307,288,4361,8000,0.1937128292268479
heavy-tail,4,69,1229,995.4678600488202,292,5017,8000,0.2082994304312449
heavy-tail,4,70,1183,913.4327979712596,280,4682,7581,0.19357565511411665
heavy-tail,4,71,1193,956.6169321039397,289,4626,8000,0.19865884325230512
heavy-tail,4,72,1160,928.4310344827586,281,4574,8000,0.1896551724137931
heavy-tail,4,73,1195,1006.4995815899582,305,4651,7028,0.23263598326359833
heavy-tail,4,74,1183,951.7016060862214,290,4713,8000,0.19864750633981404
heavy-tail,4,75,1199,993.5529608006673,291,4722,8000,0.213511259382819
heavy-tail,4,76,1238,1006.5153473344103,296,4681,8000,0.21647819063004847
heavy-tail,4,77,1185,934.5890295358649,291,4727,8000,0.19324894514767932
heavy-tail,4,78,1248,927.8565705128206,286,4454,7487,0.19791666666666666
heavy-tail,4,79,1169,1007.0881094952952,285,4824,8000,0.20444824636441403
heavy-tail,5.5,0,1679,950.4883859440143,285,4820,7506,0.197736748064324
heavy-tail,5.5,1,1585,1032.5242902208201,294,4892,8000,0.21829652996845425
heavy-tail,5.5,2,1676,971.1360381861575,285,4728,8000,0.20047732696897375
heavy-tail,5.5,3,1664,949.1778846153846,291,4632,7857,0.19771634615384615
heavy-tail,5.5,4,1581,1014.43706514864,291,4665,8000,0.2232764073371284
heavy-tail,5.5,5,1680,951.175,282,4788,8000,0.18928571428571428
heavy-tail,5.5,6,1643,974.7924528301887,283,4714,8000,0.2087644552647596
heavy-tail,5.5,7,1656,994.838768115942,284,4831,8000,0.2071256038647343
heavy-tail,5.5,8,1672,905.6788277511962,286,4491,7265,0.19557416267942584
heavy-tail,5.5,9,1593,928.4927809165097,285,4576,8000,0.19648462021343377
heavy-tail,5.5,10,1613,947.2876627402355,287,4727,8000,0.2033477991320521
heavy-tail,5.5,11,1652,961.2717917675545,290,4668,8000,0.2033898305084746
heavy-tail,5.5,12,1687,893.4107883817427,284,4458,6725,0.19205690574985182
heavy-tail,5.5,13,1620,929.6123456790124,276,4639,8000,0.19074074074074074
heavy-tail,5.5,14,1629,921.719459791283,281,4367,7400,0.1958256599140577
heavy-tail,5.5,15,1640,947.1085365853659,283,4689,7840,0.19878048780487806
heavy-tail,5.5,16,1677,1000.0960047704234,295,5005,7839,0.2146690518783542
heavy-tail,5.5,17,1624,949.60960591133,280,4453,7843,0.2001231527093596
heavy-tail,5.5,18,1688,926.8536729857819,283,4528,7654,0.20023696682464456
heavy-tail,5.5,19,1626,1005.8985239852399,283,4891,8000,0.2091020910209102
heavy-tail,5.5,20,1630,861.5650306748466,281,4278,8000,0.17668711656441718
heavy-tail,5.5,21,1666,999.154861944778,295,4923,7657,0.21068427370948378
heavy-tail,5.5,22,1665,986.7513513513513,290,4692,7925,0.21621621621621623
heavy-tail,5.5,23,1617,1008.08719851577,302,4787,8000,0.21768707482993196
heavy-tail,5.5,24,1710,990.8233918128655,289,4846,8000,0.20584795321637428
heavy-tail,5.5,25,1580,935.3253164556962,284,4643,7888,0.19683544303797468
heavy-tail,5.5,26,1718,987.0890570430734,300,4695,8000,0.20954598370197905
heavy-tail,5.5,27,1658,950.1079613992763,281,4613,7454,0.19722557297949336
heavy-tail,5.5,28,1656,875.8158212560387,278,4385,7437,0.18115942028985507
heavy-tail,5.5,29,1641,999.4546008531383,293,4754,7515,0.20780012187690433
heavy-tail,5.5,30,1654,927.0701330108827,279,4580,7800,0.1977025392986699
heavy-tail,5.5,31,1731,870.8526863084923,291,4173,7328,0.1900635470826112
heavy-tail,5.5,32,1657,947.9136994568497,280,4710,7649,0.19312009656004828
heavy-tail,5.5,33,1649,961.8932686476652,293,4791,7233,0.19890842935112188
heavy-tail,5.5,34,1664,959.3563701923077,286,4603,7787,0.20432692307692307
heavy-tail,5.5,35,1654,970.9891172914148,291,4779,8000,0.20193470374848851
heavy-tail,5.5,36,1587,878.9817265280403,283,4176,7400,0.1833648393194707
heavy-tail,5.5,37,1682,944.2853745541023,287,4505,7885,0.20214030915576695
heavy-tail,5.5,38,1670,976.2269461077844,282,4790,8000,0.20658682634730538
heavy-tail,5.5,39,1642,934.4147381242387,287,4572,7846,0.20158343483556637
heavy-tail,5.5,40,1677,918.3679189028027,279,4742,7748,0.18485390578413835
heavy-tail,5.5,41,1669,986.1629718394248,290,4924,8000,0.20011983223487118
heavy-tail,5.5,42,1596,968.187969924812,293,4841,8000,0.20488721804511278
heavy-tail,5.5,43,1574,992.3011435832275,289,4650,8000,0.21346886912325286
heavy-tail,5.5,44,1684,957.3610451306413,301,4517,8000,0.20605700712589073
heavy-tail,5.5,45,1651,1039.3852210781345,292,5281,8000,0.20835857056329496
heavy-tail,5.5,46,1666,913.3079231692677,287,4360,8000,0.19627851140456182
heavy-tail,5.5,47,1588,912.2758186397984,280,4483,7779,0.19710327455919396
heavy-tail,5.5,48,1604,939.0224438902743,276,4627,8000,0.20199501246882792
heavy-tail,5.5,49,1664,895.6370192307693,290,4142,7479,0.1935096153846154
heavy-tail,5.5,50,1658,913.3835946924005,284,4459,7687,0.19843184559710494
heavy-tail,5.5,51,1634,929.7564259485924,288,4569,7734,0.20318237454100369
heavy-tail,5.5,52,1692,983.9562647754137,292,4841,7745,0.2044917257683215
heavy-tail,5.5,53,1665,904.2864864864865,285,4459,7718,0.1975975975975976
heavy-tail,5.5,54,1584,969.251893939394,292,4773,8000,0.1994949494949495
heavy-tail,5.5,55,1674,969.5119474313022,297,4708,7824,0.20967741935483872
heavy-tail,5.5,56,1667,894.8908218356329,275,4614,7778,0.19016196760647872
heavy-tail,5.5,57,1597,983.8202880400752,291,4734,7929,0.2128991859737007
heavy-tail,5.5,58,1588,937.146725440806,289,4519,7522,0.1996221662468514
heavy-tail,5.5,59,1618,921.5278121137206,284,4518,7689,0.19530284301606923
heavy-tail,5.5,60,1639,965.6821232458816,280,4909,8000,0.20439292251372787
heavy-tail,5.5,61,1629,916.0220994475138,288,4800,7768,0.19152854511970535
heavy-tail,5.5,62,1643,893.7066342057212,286,4157,7318,0.2014607425441266
heavy-tail,5.5,63,1718,952.3474970896391,298,4715,7645,0.20430733410942956
heavy-tail,5.5,64,1662,928.1432009626956,280,4771,8000,0.18892900120336945
heavy-tail,5.5,65,1547,992.2559793148029,289,4848,8000,0.2087912087912088
heavy-tail,5.5,66,1625,935.2867692307692,280,4505,8000,0.19815384615384615
heavy-tail,5.5,67,1586,983.3631778058008,285,5004,8000,0.2030264817150063
heavy-tail,5.5,68,1608,980.556592039801,288,4666,8000,0.2058457711442786
heavy-tail,5.5,69,1658,915.6387213510253,283,4642,8000,0.18516284680337755
heavy-tail,5.5,70,1640,948.759756097561,288,4709,7884,0.19878048780487806
heavy-tail,5.5,71,1654,907.4885126964933,291,4290,8000,0.19407496977025393
heavy-tail,5.5,72,1706,938.7983587338804,286,4547,6775,0.2063305978898007
heavy-tail,5.5,73,1608,931.7182835820895,283,4466,7775,0.19962686567164178
heavy-tail,5.5,74,1589,969.6633102580239,296,4540,7766,0.21271239773442416
heavy-tail,5.5,75,1619,974.5151327980235,291,4537,8000,0.2100061766522545
heavy-tail,5.5,76,1645,930.7884498480244,290,4742,7400,0.19696048632218846
heavy-tail,5.5,77,1651,937.2870987280436,286,4525,8000,0.19987886129618412
heavy-tail,5.5,78,1584,1015.1818181818181,287,5013,8000,0.21654040404040403
heavy-tail,5.5,79,1666,953.4831932773109,286,4680,7782,0.20588235294117646
fixed-control,2.5,0,773,900,900,900,900,0
fixed-control,2.5,1,743,900,900,900,900,0
fixed-control,2.5,2,715,900,900,900,900,0
fixed-control,2.5,3,756,900,900,900,900,0
fixed-control,2.5,4,698,900,900,900,900,0
fixed-control,2.5,5,729,900,900,900,900,0
fixed-control,2.5,6,726,900,900,900,900,0
fixed-control,2.5,7,739,900,900,900,900,0
fixed-control,2.5,8,715,900,900,900,900,0
fixed-control,2.5,9,767,900,900,900,900,0
fixed-control,2.5,10,759,900,900,900,900,0
fixed-control,2.5,11,725,900,900,900,900,0
fixed-control,2.5,12,774,900,900,900,900,0
fixed-control,2.5,13,718,900,900,900,900,0
fixed-control,2.5,14,781,900,900,900,900,0
fixed-control,2.5,15,718,900,900,900,900,0
fixed-control,2.5,16,786,900,900,900,900,0
fixed-control,2.5,17,764,900,900,900,900,0
fixed-control,2.5,18,701,900,900,900,900,0
fixed-control,2.5,19,728,900,900,900,900,0
fixed-control,2.5,20,711,900,900,900,900,0
fixed-control,2.5,21,756,900,900,900,900,0
fixed-control,2.5,22,750,900,900,900,900,0
fixed-control,2.5,23,740,900,900,900,900,0
fixed-control,2.5,24,768,900,900,900,900,0
fixed-control,2.5,25,718,900,900,900,900,0
fixed-control,2.5,26,757,900,900,900,900,0
fixed-control,2.5,27,766,900,900,900,900,0
fixed-control,2.5,28,777,900,900,900,900,0
fixed-control,2.5,29,766,900,900,900,900,0
fixed-control,2.5,30,736,900,900,900,900,0
fixed-control,2.5,31,739,900,900,900,900,0
fixed-control,2.5,32,781,900,900,900,900,0
fixed-control,2.5,33,742,900,900,900,900,0
fixed-control,2.5,34,734,900,900,900,900,0
fixed-control,2.5,35,744,900,900,900,900,0
fixed-control,2.5,36,761,900,900,900,900,0
fixed-control,2.5,37,768,900,900,900,900,0
fixed-control,2.5,38,686,900,900,900,900,0
fixed-control,2.5,39,736,900,900,900,900,0
fixed-control,2.5,40,738,900,900,900,900,0
fixed-control,2.5,41,779,900,900,900,900,0
fixed-control,2.5,42,729,900,900,900,900,0
fixed-control,2.5,43,756,900,900,900,900,0
fixed-control,2.5,44,753,900,900,900,900,0
fixed-control,2.5,45,731,900,900,900,900,0
fixed-control,2.5,46,744,900,900,900,900,0
fixed-control,2.5,47,741,900,900,900,900,0
fixed-control,2.5,48,747,900,900,900,900,0
fixed-control,2.5,49,726,900,900,900,900,0
fixed-control,2.5,50,735,900,900,900,900,0
fixed-control,2.5,51,754,900,900,900,900,0
fixed-control,2.5,52,770,900,900,900,900,0
fixed-control,2.5,53,738,900,900,900,900,0
fixed-control,2.5,54,712,900,900,900,900,0
fixed-control,2.5,55,783,900,900,900,900,0
fixed-control,2.5,56,714,900,900,900,900,0
fixed-control,2.5,57,740,900,900,900,900,0
fixed-control,2.5,58,712,900,900,900,900,0
fixed-control,2.5,59,763,900,900,900,900,0
fixed-control,2.5,60,788,900,900,900,900,0
fixed-control,2.5,61,748,900,900,900,900,0
fixed-control,2.5,62,741,900,900,900,900,0
fixed-control,2.5,63,751,900,900,900,900,0
fixed-control,2.5,64,724,900,900,900,900,0
fixed-control,2.5,65,752,900,900,900,900,0
fixed-control,2.5,66,760,900,900,900,900,0
fixed-control,2.5,67,760,900,900,900,900,0
fixed-control,2.5,68,759,900,900,900,900,0
fixed-control,2.5,69,794,900,900,900,900,0
fixed-control,2.5,70,745,900,900,900,900,0
fixed-control,2.5,71,775,900,900,900,900,0
fixed-control,2.5,72,746,900,900,900,900,0
fixed-control,2.5,73,758,900,900,900,900,0
fixed-control,2.5,74,785,900,900,900,900,0
fixed-control,2.5,75,768,900,900,900,900,0
fixed-control,2.5,76,766,900,900,900,900,0
fixed-control,2.5,77,709,900,900,900,900,0
fixed-control,2.5,78,742,900,900,900,900,0
fixed-control,2.5,79,783,900,900,900,900,0
fixed-control,4,0,1240,900,900,900,900,0
fixed-control,4,1,1197,900,900,900,900,0
fixed-control,4,2,1168,900,900,900,900,0
fixed-control,4,3,1239,900,900,900,900,0
fixed-control,4,4,1138,900,900,900,900,0
fixed-control,4,5,1194,900,900,900,900,0
fixed-control,4,6,1180,900,900,900,900,0
fixed-control,4,7,1189,900,900,900,900,0
fixed-control,4,8,1256,900,900,900,900,0
fixed-control,4,9,1152,900,900,900,900,0
fixed-control,4,10,1163,900,900,900,900,0
fixed-control,4,11,1206,900,900,900,900,0
fixed-control,4,12,1189,900,900,900,900,0
fixed-control,4,13,1163,900,900,900,900,0
fixed-control,4,14,1151,900,900,900,900,0
fixed-control,4,15,1247,900,900,900,900,0
fixed-control,4,16,1190,900,900,900,900,0
fixed-control,4,17,1227,900,900,900,900,0
fixed-control,4,18,1169,900,900,900,900,0
fixed-control,4,19,1246,900,900,900,900,0
fixed-control,4,20,1162,900,900,900,900,0
fixed-control,4,21,1219,900,900,900,900,0
fixed-control,4,22,1216,900,900,900,900,0
fixed-control,4,23,1170,900,900,900,900,0
fixed-control,4,24,1269,900,900,900,900,0
fixed-control,4,25,1158,900,900,900,900,0
fixed-control,4,26,1208,900,900,900,900,0
fixed-control,4,27,1176,900,900,900,900,0
fixed-control,4,28,1139,900,900,900,900,0
fixed-control,4,29,1230,900,900,900,900,0
fixed-control,4,30,1214,900,900,900,900,0
fixed-control,4,31,1208,900,900,900,900,0
fixed-control,4,32,1232,900,900,900,900,0
fixed-control,4,33,1224,900,900,900,900,0
fixed-control,4,34,1227,900,900,900,900,0
fixed-control,4,35,1173,900,900,900,900,0
fixed-control,4,36,1208,900,900,900,900,0
fixed-control,4,37,1140,900,900,900,900,0
fixed-control,4,38,1197,900,900,900,900,0
fixed-control,4,39,1187,900,900,900,900,0
fixed-control,4,40,1168,900,900,900,900,0
fixed-control,4,41,1227,900,900,900,900,0
fixed-control,4,42,1174,900,900,900,900,0
fixed-control,4,43,1205,900,900,900,900,0
fixed-control,4,44,1190,900,900,900,900,0
fixed-control,4,45,1202,900,900,900,900,0
fixed-control,4,46,1187,900,900,900,900,0
fixed-control,4,47,1223,900,900,900,900,0
fixed-control,4,48,1210,900,900,900,900,0
fixed-control,4,49,1186,900,900,900,900,0
fixed-control,4,50,1255,900,900,900,900,0
fixed-control,4,51,1190,900,900,900,900,0
fixed-control,4,52,1192,900,900,900,900,0
fixed-control,4,53,1208,900,900,900,900,0
fixed-control,4,54,1187,900,900,900,900,0
fixed-control,4,55,1234,900,900,900,900,0
fixed-control,4,56,1181,900,900,900,900,0
fixed-control,4,57,1214,900,900,900,900,0
fixed-control,4,58,1147,900,900,900,900,0
fixed-control,4,59,1240,900,900,900,900,0
fixed-control,4,60,1204,900,900,900,900,0
fixed-control,4,61,1237,900,900,900,900,0
fixed-control,4,62,1248,900,900,900,900,0
fixed-control,4,63,1220,900,900,900,900,0
fixed-control,4,64,1172,900,900,900,900,0
fixed-control,4,65,1185,900,900,900,900,0
fixed-control,4,66,1160,900,900,900,900,0
fixed-control,4,67,1204,900,900,900,900,0
fixed-control,4,68,1190,900,900,900,900,0
fixed-control,4,69,1247,900,900,900,900,0
fixed-control,4,70,1198,900,900,900,900,0
fixed-control,4,71,1192,900,900,900,900,0
fixed-control,4,72,1217,900,900,900,900,0
fixed-control,4,73,1225,900,900,900,900,0
fixed-control,4,74,1176,900,900,900,900,0
fixed-control,4,75,1210,900,900,900,900,0
fixed-control,4,76,1199,900,900,900,900,0
fixed-control,4,77,1252,900,900,900,900,0
fixed-control,4,78,1168,900,900,900,900,0
fixed-control,4,79,1181,900,900,900,900,0
fixed-control,5.5,0,1656,900,900,900,900,0
fixed-control,5.5,1,1627,900,900,900,900,0
fixed-control,5.5,2,1643,900,900,900,900,0
fixed-control,5.5,3,1649,900,900,900,900,0
fixed-control,5.5,4,1624,900,900,900,900,0
fixed-control,5.5,5,1667,900,900,900,900,0
fixed-control,5.5,6,1690,900,900,900,900,0
fixed-control,5.5,7,1646,900,900,900,900,0
fixed-control,5.5,8,1671,900,900,900,900,0
fixed-control,5.5,9,1624,900,900,900,900,0
fixed-control,5.5,10,1588,900,900,900,900,0
fixed-control,5.5,11,1593,900,900,900,900,0
fixed-control,5.5,12,1674,900,900,900,900,0
fixed-control,5.5,13,1600,900,900,900,900,0
fixed-control,5.5,14,1653,900,900,900,900,0
fixed-control,5.5,15,1651,900,900,900,900,0
fixed-control,5.5,16,1633,900,900,900,900,0
fixed-control,5.5,17,1708,900,900,900,900,0
fixed-control,5.5,18,1673,900,900,900,900,0
fixed-control,5.5,19,1693,900,900,900,900,0
fixed-control,5.5,20,1630,900,900,900,900,0
fixed-control,5.5,21,1723,900,900,900,900,0
fixed-control,5.5,22,1649,900,900,900,900,0
fixed-control,5.5,23,1616,900,900,900,900,0
fixed-control,5.5,24,1683,900,900,900,900,0
fixed-control,5.5,25,1606,900,900,900,900,0
fixed-control,5.5,26,1610,900,900,900,900,0
fixed-control,5.5,27,1739,900,900,900,900,0
fixed-control,5.5,28,1652,900,900,900,900,0
fixed-control,5.5,29,1554,900,900,900,900,0
fixed-control,5.5,30,1711,900,900,900,900,0
fixed-control,5.5,31,1628,900,900,900,900,0
fixed-control,5.5,32,1629,900,900,900,900,0
fixed-control,5.5,33,1724,900,900,900,900,0
fixed-control,5.5,34,1625,900,900,900,900,0
fixed-control,5.5,35,1661,900,900,900,900,0
fixed-control,5.5,36,1724,900,900,900,900,0
fixed-control,5.5,37,1688,900,900,900,900,0
fixed-control,5.5,38,1672,900,900,900,900,0
fixed-control,5.5,39,1690,900,900,900,900,0
fixed-control,5.5,40,1634,900,900,900,900,0
fixed-control,5.5,41,1651,900,900,900,900,0
fixed-control,5.5,42,1628,900,900,900,900,0
fixed-control,5.5,43,1663,900,900,900,900,0
fixed-control,5.5,44,1709,900,900,900,900,0
fixed-control,5.5,45,1647,900,900,900,900,0
fixed-control,5.5,46,1601,900,900,900,900,0
fixed-control,5.5,47,1674,900,900,900,900,0
fixed-control,5.5,48,1687,900,900,900,900,0
fixed-control,5.5,49,1644,900,900,900,900,0
fixed-control,5.5,50,1641,900,900,900,900,0
fixed-control,5.5,51,1669,900,900,900,900,0
fixed-control,5.5,52,1621,900,900,900,900,0
fixed-control,5.5,53,1662,900,900,900,900,0
fixed-control,5.5,54,1606,900,900,900,900,0
fixed-control,5.5,55,1605,900,900,900,900,0
fixed-control,5.5,56,1648,900,900,900,900,0
fixed-control,5.5,57,1684,900,900,900,900,0
fixed-control,5.5,58,1640,900,900,900,900,0
fixed-control,5.5,59,1665,900,900,900,900,0
fixed-control,5.5,60,1658,900,900,900,900,0
fixed-control,5.5,61,1568,900,900,900,900,0
fixed-control,5.5,62,1606,900,900,900,900,0
fixed-control,5.5,63,1630,900,900,900,900,0
fixed-control,5.5,64,1720,900,900,900,900,0
fixed-control,5.5,65,1666,900,900,900,900,0
fixed-control,5.5,66,1643,900,900,900,900,0
fixed-control,5.5,67,1601,900,900,900,900,0
fixed-control,5.5,68,1626,900,900,900,900,0
fixed-control,5.5,69,1718,900,900,900,900,0
fixed-control,5.5,70,1594,900,900,900,900,0
fixed-control,5.5,71,1587,900,900,900,900,0
fixed-control,5.5,72,1618,900,900,900,900,0
fixed-control,5.5,73,1614,900,900,900,900,0
fixed-control,5.5,74,1673,900,900,900,900,0
fixed-control,5.5,75,1620,900,900,900,900,0
fixed-control,5.5,76,1642,900,900,900,900,0
fixed-control,5.5,77,1633,900,900,900,900,0
fixed-control,5.5,78,1658,900,900,900,900,0
fixed-control,5.5,79,1595,900,900,900,900,0
